{
  "Total" : {
    "transaction" : "Total",
    "sampleCount" : 4725,
    "errorCount" : 81,
    "errorPct" : 1.7142857,
    "meanResTime" : 4230.20761904761,
    "medianResTime" : 2200.0,
    "minResTime" : 14.0,
    "maxResTime" : 22847.0,
    "pct1ResTime" : 12092.200000000008,
    "pct2ResTime" : 14449.599999999997,
    "pct3ResTime" : 16074.0,
    "throughput" : 187.18801996672212,
    "receivedKBytesPerSec" : 213.63304772304096,
    "sentKBytesPerSec" : 35.56259006566437
  },
  "getUser" : {
    "transaction" : "getUser",
    "sampleCount" : 1575,
    "errorCount" : 0,
    "errorPct" : 0.0,
    "meanResTime" : 1869.389206349206,
    "medianResTime" : 565.0,
    "minResTime" : 14.0,
    "maxResTime" : 8179.0,
    "pct1ResTime" : 7356.8,
    "pct2ResTime" : 7644.2,
    "pct3ResTime" : 7889.48,
    "throughput" : 184.7074000234549,
    "receivedKBytesPerSec" : 176.399231851765,
    "sentKBytesPerSec" : 29.93352457634573
  },
  "getListOfUser" : {
    "transaction" : "getListOfUser",
    "sampleCount" : 1575,
    "errorCount" : 0,
    "errorPct" : 0.0,
    "meanResTime" : 1773.1136507936508,
    "medianResTime" : 378.0,
    "minResTime" : 15.0,
    "maxResTime" : 8496.0,
    "pct1ResTime" : 6849.600000000001,
    "pct2ResTime" : 7688.199999999997,
    "pct3ResTime" : 8169.76,
    "throughput" : 177.46478873239437,
    "receivedKBytesPerSec" : 303.03136003521126,
    "sentKBytesPerSec" : 29.808538732394368
  },
  "register" : {
    "transaction" : "register",
    "sampleCount" : 1575,
    "errorCount" : 81,
    "errorPct" : 5.142857,
    "meanResTime" : 9048.120000000008,
    "medianResTime" : 9107.0,
    "minResTime" : 386.0,
    "maxResTime" : 22847.0,
    "pct1ResTime" : 15050.2,
    "pct2ResTime" : 15831.4,
    "pct3ResTime" : 18500.88,
    "throughput" : 64.8682042833608,
    "receivedKBytesPerSec" : 49.380799848126024,
    "sentKBytesPerSec" : 15.563301199546952
  }
}