{
  "Total" : {
    "transaction" : "Total",
    "sampleCount" : 3000,
    "errorCount" : 0,
    "errorPct" : 0.0,
    "meanResTime" : 1030.3056666666669,
    "medianResTime" : 137.0,
    "minResTime" : 75.0,
    "maxResTime" : 9414.0,
    "pct1ResTime" : 4071.2000000000025,
    "pct2ResTime" : 5092.749999999999,
    "pct3ResTime" : 6016.859999999997,
    "throughput" : 196.33507853403142,
    "receivedKBytesPerSec" : 216.25209628599478,
    "sentKBytesPerSec" : 38.15496155104712
  },
  "getUser" : {
    "transaction" : "getUser",
    "sampleCount" : 1000,
    "errorCount" : 0,
    "errorPct" : 0.0,
    "meanResTime" : 125.71999999999991,
    "medianResTime" : 120.0,
    "minResTime" : 75.0,
    "maxResTime" : 565.0,
    "pct1ResTime" : 154.0,
    "pct2ResTime" : 168.89999999999986,
    "pct3ResTime" : 305.95000000000005,
    "throughput" : 93.98496240601503,
    "receivedKBytesPerSec" : 86.5952111724624,
    "sentKBytesPerSec" : 15.235843515037594
  },
  "getListOfUser" : {
    "transaction" : "getListOfUser",
    "sampleCount" : 1000,
    "errorCount" : 0,
    "errorPct" : 0.0,
    "meanResTime" : 136.91700000000014,
    "medianResTime" : 121.0,
    "minResTime" : 77.0,
    "maxResTime" : 860.0,
    "pct1ResTime" : 165.89999999999998,
    "pct2ResTime" : 189.94999999999993,
    "pct3ResTime" : 670.7400000000002,
    "throughput" : 91.1078717201166,
    "receivedKBytesPerSec" : 155.49017458545916,
    "sentKBytesPerSec" : 15.303275327988336
  },
  "register" : {
    "transaction" : "register",
    "sampleCount" : 1000,
    "errorCount" : 0,
    "errorPct" : 0.0,
    "meanResTime" : 2828.280000000001,
    "medianResTime" : 3082.5,
    "minResTime" : 617.0,
    "maxResTime" : 9414.0,
    "pct1ResTime" : 5339.9,
    "pct2ResTime" : 5896.0,
    "pct3ResTime" : 6419.85,
    "throughput" : 69.95452955578874,
    "receivedKBytesPerSec" : 47.3101663606156,
    "sentKBytesPerSec" : 17.69357729975516
  }
}