{
  "Total" : {
    "transaction" : "Total",
    "sampleCount" : 4500,
    "errorCount" : 0,
    "errorPct" : 0.0,
    "meanResTime" : 2100.3873333333363,
    "medianResTime" : 429.0,
    "minResTime" : 72.0,
    "maxResTime" : 14433.0,
    "pct1ResTime" : 7160.9,
    "pct2ResTime" : 8200.499999999998,
    "pct3ResTime" : 9907.949999999999,
    "throughput" : 228.16001622471228,
    "receivedKBytesPerSec" : 251.02701715636567,
    "sentKBytesPerSec" : 44.33969065304467
  },
  "getUser" : {
    "transaction" : "getUser",
    "sampleCount" : 1500,
    "errorCount" : 0,
    "errorPct" : 0.0,
    "meanResTime" : 211.38533333333342,
    "medianResTime" : 97.0,
    "minResTime" : 72.0,
    "maxResTime" : 5060.0,
    "pct1ResTime" : 449.0,
    "pct2ResTime" : 736.0,
    "pct3ResTime" : 1320.3900000000006,
    "throughput" : 145.6876456876457,
    "receivedKBytesPerSec" : 133.97534540112665,
    "sentKBytesPerSec" : 23.617333187645688
  },
  "getListOfUser" : {
    "transaction" : "getListOfUser",
    "sampleCount" : 1500,
    "errorCount" : 0,
    "errorPct" : 0.0,
    "meanResTime" : 328.91466666666565,
    "medianResTime" : 97.0,
    "minResTime" : 72.0,
    "maxResTime" : 3201.0,
    "pct1ResTime" : 1044.900000000001,
    "pct2ResTime" : 1307.95,
    "pct3ResTime" : 1711.96,
    "throughput" : 150.6175318807109,
    "receivedKBytesPerSec" : 256.7534704789638,
    "sentKBytesPerSec" : 25.299038558088164
  },
  "register" : {
    "transaction" : "register",
    "sampleCount" : 1500,
    "errorCount" : 0,
    "errorPct" : 0.0,
    "meanResTime" : 5760.862000000002,
    "medianResTime" : 6042.5,
    "minResTime" : 614.0,
    "maxResTime" : 14433.0,
    "pct1ResTime" : 8993.6,
    "pct2ResTime" : 9680.9,
    "pct3ResTime" : 10822.89,
    "throughput" : 76.67535654040792,
    "receivedKBytesPerSec" : 51.86259217016818,
    "sentKBytesPerSec" : 19.393473968716457
  }
}