{
  "Total" : {
    "transaction" : "Total",
    "sampleCount" : 4680,
    "errorCount" : 6,
    "errorPct" : 0.12820514,
    "meanResTime" : 2118.3117521367485,
    "medianResTime" : 50.0,
    "minResTime" : 13.0,
    "maxResTime" : 18641.0,
    "pct1ResTime" : 9045.400000000003,
    "pct2ResTime" : 11737.849999999999,
    "pct3ResTime" : 14597.039999999994,
    "throughput" : 229.33307198510315,
    "receivedKBytesPerSec" : 256.84220641201546,
    "sentKBytesPerSec" : 44.493004851276524
  },
  "getUser" : {
    "transaction" : "getUser",
    "sampleCount" : 1560,
    "errorCount" : 0,
    "errorPct" : 0.0,
    "meanResTime" : 60.86282051282052,
    "medianResTime" : 28.0,
    "minResTime" : 13.0,
    "maxResTime" : 1916.0,
    "pct1ResTime" : 78.0,
    "pct2ResTime" : 282.0,
    "pct3ResTime" : 598.2299999999927,
    "throughput" : 157.1313456889605,
    "receivedKBytesPerSec" : 152.52237988517322,
    "sentKBytesPerSec" : 25.471874055701047
  },
  "getListOfUser" : {
    "transaction" : "getListOfUser",
    "sampleCount" : 1560,
    "errorCount" : 0,
    "errorPct" : 0.0,
    "meanResTime" : 73.64935897435895,
    "medianResTime" : 28.5,
    "minResTime" : 14.0,
    "maxResTime" : 2093.0,
    "pct1ResTime" : 122.90000000000009,
    "pct2ResTime" : 239.59999999999854,
    "pct3ResTime" : 1001.3399999999992,
    "throughput" : 157.28977616454932,
    "receivedKBytesPerSec" : 268.5810757587215,
    "sentKBytesPerSec" : 26.419767090139143
  },
  "register" : {
    "transaction" : "register",
    "sampleCount" : 1560,
    "errorCount" : 6,
    "errorPct" : 0.3846154,
    "meanResTime" : 6220.423076923067,
    "medianResTime" : 5598.0,
    "minResTime" : 386.0,
    "maxResTime" : 18641.0,
    "pct1ResTime" : 12529.6,
    "pct2ResTime" : 13984.9,
    "pct3ResTime" : 17301.68,
    "throughput" : 76.8321513002364,
    "receivedKBytesPerSec" : 52.37143466188929,
    "sentKBytesPerSec" : 19.35838920286643
  }
}