{
  "Total" : {
    "transaction" : "Total",
    "sampleCount" : 600,
    "errorCount" : 0,
    "errorPct" : 0.0,
    "meanResTime" : 192.06166666666638,
    "medianResTime" : 31.0,
    "minResTime" : 13.0,
    "maxResTime" : 1603.0,
    "pct1ResTime" : 429.0,
    "pct2ResTime" : 482.3999999999992,
    "pct3ResTime" : 1601.97,
    "throughput" : 59.52380952380952,
    "receivedKBytesPerSec" : 65.56125217013889,
    "sentKBytesPerSec" : 11.567615327380953
  },
  "getUser" : {
    "transaction" : "getUser",
    "sampleCount" : 200,
    "errorCount" : 0,
    "errorPct" : 0.0,
    "meanResTime" : 29.130000000000017,
    "medianResTime" : 21.0,
    "minResTime" : 13.0,
    "maxResTime" : 83.0,
    "pct1ResTime" : 60.0,
    "pct2ResTime" : 70.89999999999998,
    "pct3ResTime" : 81.97000000000003,
    "throughput" : 24.03557264751833,
    "receivedKBytesPerSec" : 22.145822692585025,
    "sentKBytesPerSec" : 3.8963916596562913
  },
  "getListOfUser" : {
    "transaction" : "getListOfUser",
    "sampleCount" : 200,
    "errorCount" : 0,
    "errorPct" : 0.0,
    "meanResTime" : 26.779999999999998,
    "medianResTime" : 21.0,
    "minResTime" : 14.0,
    "maxResTime" : 89.0,
    "pct1ResTime" : 48.80000000000001,
    "pct2ResTime" : 61.94999999999999,
    "pct3ResTime" : 76.0,
    "throughput" : 24.169184290030213,
    "receivedKBytesPerSec" : 41.242447129909365,
    "sentKBytesPerSec" : 4.059667673716012
  },
  "register" : {
    "transaction" : "register",
    "sampleCount" : 200,
    "errorCount" : 0,
    "errorPct" : 0.0,
    "meanResTime" : 520.2750000000003,
    "medianResTime" : 408.0,
    "minResTime" : 384.0,
    "maxResTime" : 1603.0,
    "pct1ResTime" : 1026.2000000000003,
    "pct2ResTime" : 1518.7499999999995,
    "pct3ResTime" : 1603.0,
    "throughput" : 19.90643973325371,
    "receivedKBytesPerSec" : 13.46678423907634,
    "sentKBytesPerSec" : 5.034929580969443
  }
}