{
  "Total" : {
    "transaction" : "Total",
    "sampleCount" : 4800,
    "errorCount" : 210,
    "errorPct" : 4.375,
    "meanResTime" : 2792.7308333333317,
    "medianResTime" : 390.5,
    "minResTime" : 72.0,
    "maxResTime" : 19370.0,
    "pct1ResTime" : 8639.600000000002,
    "pct2ResTime" : 11686.55,
    "pct3ResTime" : 17317.879999999954,
    "throughput" : 145.63106796116503,
    "receivedKBytesPerSec" : 175.1292108332069,
    "sentKBytesPerSec" : 26.68362219356796
  },
  "getUser" : {
    "transaction" : "getUser",
    "sampleCount" : 1600,
    "errorCount" : 0,
    "errorPct" : 0.0,
    "meanResTime" : 514.9231249999998,
    "medianResTime" : 124.0,
    "minResTime" : 72.0,
    "maxResTime" : 8499.0,
    "pct1ResTime" : 1919.2000000000007,
    "pct2ResTime" : 2508.699999999999,
    "pct3ResTime" : 4773.96,
    "throughput" : 79.23930269413628,
    "receivedKBytesPerSec" : 77.87486225980587,
    "sentKBytesPerSec" : 12.835277430417987
  },
  "getListOfUser" : {
    "transaction" : "getListOfUser",
    "sampleCount" : 1600,
    "errorCount" : 0,
    "errorPct" : 0.0,
    "meanResTime" : 538.2912499999999,
    "medianResTime" : 108.0,
    "minResTime" : 72.0,
    "maxResTime" : 12760.0,
    "pct1ResTime" : 766.7000000000003,
    "pct2ResTime" : 4786.249999999619,
    "pct3ResTime" : 6958.75,
    "throughput" : 75.78628268283441,
    "receivedKBytesPerSec" : 129.3368959300398,
    "sentKBytesPerSec" : 12.729727169382343
  },
  "register" : {
    "transaction" : "register",
    "sampleCount" : 1600,
    "errorCount" : 210,
    "errorPct" : 13.125,
    "meanResTime" : 7324.978125000004,
    "medianResTime" : 6979.0,
    "minResTime" : 585.0,
    "maxResTime" : 19370.0,
    "pct1ResTime" : 15162.0,
    "pct2ResTime" : 16457.299999999996,
    "pct3ResTime" : 17546.99,
    "throughput" : 59.39564926869107,
    "receivedKBytesPerSec" : 54.54187480278789,
    "sentKBytesPerSec" : 13.051164363538497
  }
}