{
  "Total" : {
    "transaction" : "Total",
    "sampleCount" : 1500,
    "errorCount" : 0,
    "errorPct" : 0.0,
    "meanResTime" : 459.0339999999998,
    "medianResTime" : 153.0,
    "minResTime" : 72.0,
    "maxResTime" : 3316.0,
    "pct1ResTime" : 866.4000000000005,
    "pct2ResTime" : 1913.3000000000006,
    "pct3ResTime" : 2996.3800000000006,
    "throughput" : 138.50415512465375,
    "receivedKBytesPerSec" : 152.55926102262234,
    "sentKBytesPerSec" : 26.916334833795013
  },
  "getUser" : {
    "transaction" : "getUser",
    "sampleCount" : 500,
    "errorCount" : 0,
    "errorPct" : 0.0,
    "meanResTime" : 138.58200000000008,
    "medianResTime" : 133.5,
    "minResTime" : 72.0,
    "maxResTime" : 336.0,
    "pct1ResTime" : 186.0,
    "pct2ResTime" : 204.84999999999997,
    "pct3ResTime" : 225.95000000000005,
    "throughput" : 66.19886137958426,
    "receivedKBytesPerSec" : 60.99630320733483,
    "sentKBytesPerSec" : 10.731456043956044
  },
  "getListOfUser" : {
    "transaction" : "getListOfUser",
    "sampleCount" : 500,
    "errorCount" : 0,
    "errorPct" : 0.0,
    "meanResTime" : 131.66999999999987,
    "medianResTime" : 130.0,
    "minResTime" : 72.0,
    "maxResTime" : 352.0,
    "pct1ResTime" : 162.0,
    "pct2ResTime" : 180.89999999999998,
    "pct3ResTime" : 246.8900000000001,
    "throughput" : 65.97176408497162,
    "receivedKBytesPerSec" : 112.58184621981792,
    "sentKBytesPerSec" : 11.08119474864758
  },
  "register" : {
    "transaction" : "register",
    "sampleCount" : 500,
    "errorCount" : 0,
    "errorPct" : 0.0,
    "meanResTime" : 1106.8499999999992,
    "medianResTime" : 781.0,
    "minResTime" : 574.0,
    "maxResTime" : 3316.0,
    "pct1ResTime" : 2532.100000000001,
    "pct2ResTime" : 2890.7,
    "pct3ResTime" : 3178.9,
    "throughput" : 47.60997905160922,
    "receivedKBytesPerSec" : 32.208522781374974,
    "sentKBytesPerSec" : 12.041977123405065
  }
}